task,controller,seed,robot_count,steps,duration_s,success,aggregation_score,collision_rate,convergence_time_s,cooperative_push_fraction,coverage_fraction,coverage_score,coverage_time_s,delivery_time_s,largest_component_fraction,maximum_simultaneous_pushers,mean_command_effort,mean_distance_traveled_m,mean_nearest_neighbor_distance_m,mean_push_alignment,object_goal_distance_m,peak_coverage_fraction,polarization,pusher_utilization,swarm_radius_m,transport_progress,transport_score
aggregation,rules,1000,12,51,5.099999999999998,1,0.802354095915935,0.0,3.2000000000000015,,,,,,1.0,,0.6230625817372137,0.9276429357709101,,,,,0.7493855457526615,,0.5860430734564878,,
aggregation,rules,1001,12,117,11.699999999999974,1,0.8191685347413732,0.0,9.799999999999981,,,,,,1.0,,0.6316898618798992,2.194681922515397,,,,,0.7691582729422289,,0.5173962514741145,,
aggregation,rules,1002,12,117,11.699999999999974,1,0.8049399175899087,0.0,9.799999999999981,,,,,,1.0,,0.6573280045509403,2.392481462437464,,,,,0.6350722516537602,,0.5751230184349813,,
aggregation,rules,1003,12,308,30.800000000000168,1,0.8259102084799264,0.0,28.90000000000014,,,,,,1.0,,0.6751213430945128,6.6738944839751815,,,,,0.9407626767024391,,0.49134116357903107,,
aggregation,rules,1004,12,210,21.00000000000003,1,0.8125286094968742,0.0,19.1,,,,,,1.0,,0.6595675776986984,4.325210041281189,,,,,0.2262616692023941,,0.5438536239961487,,
aggregation,rules,1005,12,210,21.00000000000003,1,0.8152683670829081,0.0,19.1,,,,,,1.0,,0.6529951123909579,4.2341976652474616,,,,,0.377399467694612,,0.532838007396236,,
aggregation,rules,1006,12,63,6.299999999999994,1,0.8115323169748045,0.0,4.4,,,,,,1.0,,0.6188952481664163,1.1285996854026232,,,,,0.5138694844816206,,0.5478946147687153,,
aggregation,rules,1007,12,103,10.29999999999998,1,0.8250255381532663,0.0,8.399999999999986,,,,,,1.0,,0.6494051054304728,2.055428656454017,,,,,0.9792332379379738,,0.4947155576593658,,
aggregation,rules,1008,12,273,27.300000000000118,1,0.8152733931884028,0.0,25.40000000000009,,,,,,1.0,,0.6771914722635117,5.94003456475319,,,,,0.6749001265988959,,0.5328179282720976,,
aggregation,rules,1009,12,200,20.000000000000014,1,0.8148656894386652,0.0,18.099999999999987,,,,,,1.0,,0.6700898967961787,4.258017252797123,,,,,0.5583866363583863,,0.5344482164460247,,
aggregation,rules,1010,12,119,11.899999999999974,1,0.8224399458331965,0.0,9.99999999999998,,,,,,1.0,,0.6428984474559362,2.3235791580664613,,,,,0.984521676271796,,0.5046543539385353,,
aggregation,rules,1011,12,183,18.29999999999999,1,0.8240553826470665,0.0,16.399999999999963,,,,,,1.0,,0.6695304576862282,3.895542354006677,,,,,0.9801018709759025,,0.4984313023932142,,
aggregation,rules,1012,12,48,4.799999999999999,1,0.8056357531213595,0.0,2.9000000000000012,,,,,,1.0,,0.6351229262996204,0.9112484859352742,,,,,0.1732857707079417,,0.5722079936408726,,
aggregation,rules,1013,12,93,9.299999999999983,1,0.8253896757303711,0.0,7.39999999999999,,,,,,1.0,,0.6458079959592288,1.8334983139996972,,,,,0.9936316380406239,,0.49332502565741326,,
aggregation,rules,1014,12,56,5.599999999999996,1,0.82120921000071,0.0,3.700000000000002,,,,,,1.0,,0.6042054448198776,0.948955076237837,,,,,0.9605367535908074,,0.5094258519439923,,
aggregation,rules,1015,12,213,21.300000000000033,1,0.8108453277346194,0.0,19.400000000000006,,,,,,1.0,,0.6698549680997323,4.531746748240729,,,,,0.7793211667168798,,0.550692164662491,,
aggregation,rules,1016,12,126,12.599999999999971,1,0.8232209564611809,0.0,10.699999999999978,,,,,,1.0,,0.6537608103404239,2.550683760624642,,,,,0.9129967267063103,,0.5016400898457473,,
aggregation,rules,1017,12,158,15.79999999999996,1,0.8140427026034148,0.0,13.899999999999967,,,,,,1.0,,0.6565511906036324,3.2245709999460854,,,,,0.48019757703820143,,0.5377485461204402,,
aggregation,rules,1018,12,58,5.799999999999995,1,0.800779467443936,0.0,3.900000000000002,,,,,,1.0,,0.6257175971453536,1.0651207269832395,,,,,0.6316481505144141,,0.592761379724188,,
aggregation,rules,1019,12,118,11.799999999999974,1,0.8218580029239839,0.0,9.89999999999998,,,,,,1.0,,0.6551791122607877,2.399679593709847,,,,,0.975806379205324,,0.5069072168631701,,
aggregation,random,1000,12,450,45.00000000000037,0,0.28869733850422385,0.06888888888888889,45.00000000000037,,,,,,0.4166666666666667,,0.6680814391146499,8.723689708320546,,,,,0.26261879506147456,,1.8051559005034503,,
aggregation,random,1001,12,450,45.00000000000037,0,0.21854219362858956,0.08888888888888889,45.00000000000037,,,,,,0.25,,0.6535694642331054,8.562618108780203,,,,,0.4039206956970669,,1.3641873986175237,,
aggregation,random,1002,12,450,45.00000000000037,0,0.30961324755228536,0.06259259259259259,45.00000000000037,,,,,,0.4166666666666667,,0.6465413796415842,8.397658825524923,,,,,0.408339854091079,,1.5113012888640658,,
aggregation,random,1003,12,450,45.00000000000037,0,0.37147602148151826,0.03740740740740741,45.00000000000037,,,,,,0.5,,0.6568993666179418,8.607419160013631,,,,,0.1754978425850042,,1.4160142287025912,,
aggregation,random,1004,12,450,45.00000000000037,0,0.1896514536251893,0.05722222222222222,45.00000000000037,,,,,,0.25,,0.6534992056929507,8.494151916857982,,,,,0.2624922196851437,,1.8192302961027071,,
aggregation,random,1005,12,450,45.00000000000037,0,0.1926708627026749,0.09111111111111111,45.00000000000037,,,,,,0.25,,0.6578403676367299,8.551125904820749,,,,,0.09855186239425627,,1.6856891284913602,,
aggregation,random,1006,12,450,45.00000000000037,0,0.3716353237873019,0.085,45.00000000000037,,,,,,0.5,,0.662635369208812,8.712057555527808,,,,,0.045696581921518084,,1.3382211024861674,,
aggregation,random,1007,12,450,45.00000000000037,0,0.2656559033643096,0.09222222222222222,45.00000000000037,,,,,,0.3333333333333333,,0.649689977795654,8.346285873626007,,,,,0.4948925011706509,,1.3896249129754155,,
aggregation,random,1008,12,450,45.00000000000037,0,0.21172755758931192,0.056296296296296296,45.00000000000037,,,,,,0.25,,0.6546303635412664,8.630277170781582,,,,,0.27422740664020506,,1.4968430264703922,,
aggregation,random,1009,12,450,45.00000000000037,0,0.2996368364839239,0.04814814814814815,45.00000000000037,,,,,,0.4166666666666667,,0.6599085982191027,8.615094116095095,,,,,0.2908213425669007,,1.6777645362244349,,
aggregation,random,1010,12,450,45.00000000000037,0,0.36493935529734545,0.09425925925925926,45.00000000000037,,,,,,0.5,,0.651641865619291,8.342806239718717,,,,,0.3312263840722573,,1.3940830067704852,,
aggregation,random,1011,12,450,45.00000000000037,0,0.25358670510009323,0.09537037037037037,45.00000000000037,,,,,,0.3333333333333333,,0.6661326007482332,8.619325837303425,,,,,0.33659363080610016,,1.5252465504705046,,
aggregation,random,1012,12,450,45.00000000000037,0,0.47367954982972865,0.0725925925925926,45.00000000000037,,,,,,0.6666666666666666,,0.6604386002778043,8.569651424466949,,,,,0.09273732236136852,,1.3363569368084447,,
aggregation,random,1013,12,450,45.00000000000037,0,0.32966498720962073,0.11166666666666666,45.00000000000037,,,,,,0.4166666666666667,,0.6640343591876958,8.481076044768562,,,,,0.18468336865896123,,1.2236104841926148,,
aggregation,random,1014,12,450,45.00000000000037,0,0.20260155282822478,0.08185185185185186,45.00000000000037,,,,,,0.25,,0.6548766366774048,8.508005700761627,,,,,0.37654283023900725,,1.5642844911028704,,
aggregation,random,1015,12,450,45.00000000000037,0,0.4760072713922821,0.04425925925925926,45.00000000000037,,,,,,0.6666666666666666,,0.6447219393680954,8.377468376771477,,,,,0.20016586954794036,,1.3561307160884721,,
aggregation,random,1016,12,450,45.00000000000037,0,0.3476285545177154,0.05722222222222222,45.00000000000037,,,,,,0.4166666666666667,,0.6505176061024474,8.358952759923795,,,,,0.12239930701925202,,1.1403845153586418,,
aggregation,random,1017,12,450,45.00000000000037,0,0.26876715227183595,0.07296296296296297,45.00000000000037,,,,,,0.3333333333333333,,0.6729281406834077,8.823919993838686,,,,,0.48773921449154467,,1.3872225418787232,,
aggregation,random,1018,12,450,45.00000000000037,0,0.2079053047709189,0.07111111111111111,45.00000000000037,,,,,,0.25,,0.6629047869323458,8.576631149946033,,,,,0.5801666846632215,,1.5166793809253334,,
aggregation,random,1019,12,450,45.00000000000037,0,0.2109554940481362,0.07703703703703704,45.00000000000037,,,,,,0.25,,0.6554845973977177,8.458624563720045,,,,,0.13027486245008912,,1.4686440061388433,,
aggregation,stationary,1000,12,450,45.00000000000037,0,0.38866521432083817,0.0,45.00000000000037,,,,,,0.5,,0.0,0.0,,,,,0.37412451144649606,,1.2956733399930944,,
aggregation,stationary,1001,12,450,45.00000000000037,0,0.36357625406650734,0.0,45.00000000000037,,,,,,0.5,,0.0,0.0,,,,,0.5960841581034637,,1.581733078783747,,
aggregation,stationary,1002,12,450,45.00000000000037,0,0.2188957908504655,0.0,45.00000000000037,,,,,,0.25,,0.0,0.0,,,,,0.288706608725618,,1.5126277370266552,,
aggregation,stationary,1003,12,450,45.00000000000037,0,0.2783973915735358,0.0,45.00000000000037,,,,,,0.3333333333333333,,0.0,0.0,,,,,0.14553422859143186,,1.4015195463037051,,
aggregation,stationary,1004,12,450,45.00000000000037,0,0.21387164785559148,0.0,45.00000000000037,,,,,,0.25,,0.0,0.0,,,,,0.09043607934874105,,1.5777465225567318,,
aggregation,stationary,1005,12,450,45.00000000000037,0,0.21947966237158967,0.0,45.00000000000037,,,,,,0.25,,0.0,0.0,,,,,0.16455060379429037,,1.5053701999928804,,
aggregation,stationary,1006,12,450,45.00000000000037,0,0.229004633509154,0.0,45.00000000000037,,,,,,0.25,,0.0,0.0,,,,,0.2247746919366151,,1.394883918137831,,
aggregation,stationary,1007,12,450,45.00000000000037,0,0.3857655395676565,0.0,45.00000000000037,,,,,,0.5,,0.0,0.0,,,,,0.11916335465507004,,1.3242686419077814,,
aggregation,stationary,1008,12,450,45.00000000000037,0,0.37957972273929125,0.0,45.00000000000037,,,,,,0.5,,0.0,0.0,,,,,0.5003802940933796,,1.3886464945022363,,
aggregation,stationary,1009,12,450,45.00000000000037,0,0.21265728183809424,0.0,45.00000000000037,,,,,,0.25,,0.0,0.0,,,,,0.11308527059967977,,1.5942547921748065,,
aggregation,stationary,1010,12,450,45.00000000000037,0,0.24988510003466088,0.0,45.00000000000037,,,,,,0.3333333333333333,,0.0,0.0,,,,,0.2782738844688425,,1.7902982794776274,,
aggregation,stationary,1011,12,450,45.00000000000037,0,0.48281244065286555,0.0,45.00000000000037,,,,,,0.6666666666666666,,0.0,0.0,,,,,0.24453410011315432,,1.354402172912212,,
aggregation,stationary,1012,12,450,45.00000000000037,0,0.33700849166311003,0.0,45.00000000000037,,,,,,0.4166666666666667,,0.0,0.0,,,,,0.1315655157926699,,1.3118945919883105,,
aggregation,stationary,1013,12,450,45.00000000000037,0,0.6566923538541689,0.0,45.00000000000037,,,,,,0.9166666666666666,,0.0,0.0,,,,,0.13456268336085042,,1.1365029443685495,,
aggregation,stationary,1014,12,450,45.00000000000037,0,0.5631218442491501,0.0,45.00000000000037,,,,,,0.75,,0.0,0.0,,,,,0.2335064339772367,,1.0861791757907104,,
aggregation,stationary,1015,12,450,45.00000000000037,0,0.27238889590276283,0.0,45.00000000000037,,,,,,0.3333333333333333,,0.0,0.0,,,,,0.31516684992735366,,1.4700940026494431,,
aggregation,stationary,1016,12,450,45.00000000000037,0,0.2836308075921087,0.0,45.00000000000037,,,,,,0.3333333333333333,,0.0,0.0,,,,,0.2970616452197809,,1.3459452214090841,,
aggregation,stationary,1017,12,450,45.00000000000037,0,0.3094078527410382,0.0,45.00000000000037,,,,,,0.4166666666666667,,0.0,0.0,,,,,0.29786201610392665,,1.6400527904666466,,
aggregation,stationary,1018,12,450,45.00000000000037,0,0.43175737333229014,0.0,45.00000000000037,,,,,,0.5833333333333334,,0.0,0.0,,,,,0.21192793131022922,,1.3654293510483728,,
aggregation,stationary,1019,12,450,45.00000000000037,0,0.22056428284686502,0.0,45.00000000000037,,,,,,0.25,,0.0,0.0,,,,,0.20385766810480227,,1.492048777805218,,
aggregation,learned,1000,12,68,6.799999999999992,1,0.7632025423290342,0.0,4.899999999999999,,,,,,1.0,,0.6990936827294447,1.4156572278801605,,,,,0.7336755249969923,,0.7709663729643893,,
aggregation,learned,1001,12,91,9.099999999999984,1,0.7700201576766552,0.0,7.19999999999999,,,,,,1.0,,0.7395190816104382,2.038724564057716,,,,,0.6723171422863128,,0.7357708865659689,,
aggregation,learned,1002,12,204,20.40000000000002,1,0.7762364281018692,0.0,18.499999999999993,,,,,,1.0,,0.7221493771700027,4.4672235615201545,,,,,0.6935269378111473,,0.704888776369774,,
aggregation,learned,1003,12,450,45.00000000000037,0,0.7022543850857005,0.0,45.00000000000037,,,,,,0.9166666666666666,,0.7149887774954137,9.357051845799427,,,,,0.933834830011146,,0.8306841815883487,,
aggregation,learned,1004,12,280,28.000000000000128,1,0.7702143320219011,0.0005952380952380953,26.1000000000001,,,,,,1.0,,0.7410425323338554,6.164686982865267,,,,,0.8833601287596464,,0.734338276062785,,
aggregation,learned,1005,12,222,22.200000000000045,1,0.7783518184362183,0.0015015015015015015,20.30000000000002,,,,,,1.0,,0.7133897409223017,4.577088627714557,,,,,0.870426950815178,,0.6935422027972202,,
aggregation,learned,1006,12,67,6.699999999999992,1,0.7818849097032373,0.0,4.799999999999999,,,,,,1.0,,0.6922996022710859,1.4196648136285033,,,,,0.8367604428725776,,0.6777577649201261,,
aggregation,learned,1007,12,450,45.00000000000037,0,0.6876091403182994,0.0,45.00000000000037,,,,,,0.9166666666666666,,0.716692574395809,9.406752698358192,,,,,0.8957179478301152,,0.917660589491439,,
aggregation,learned,1008,12,313,31.300000000000175,1,0.7883788560262119,0.001597444089456869,29.400000000000148,,,,,,1.0,,0.7256418400358835,6.727731592758107,,,,,0.882470678314732,,0.6464948825967518,,
aggregation,learned,1009,12,450,45.00000000000037,0,0.398532898643429,0.0,45.00000000000037,,,,,,0.5833333333333334,,0.7363910787877562,9.899837222092295,,,,,0.9506126035472905,,1.8139314846556795,,
aggregation,learned,1010,12,450,45.00000000000037,0,0.412732236043272,0.0,45.00000000000037,,,,,,0.5833333333333334,,0.7208395896012035,9.476733785177354,,,,,0.9459398651106915,,1.5932266261012795,,
aggregation,learned,1011,12,261,26.1000000000001,1,0.7955763536784032,0.0,24.200000000000074,,,,,,1.0,,0.6934375232384016,5.241291953608765,,,,,0.7957907742065055,,0.615341771705718,,
aggregation,learned,1012,12,69,6.8999999999999915,1,0.7652057847338692,0.0,4.999999999999998,,,,,,1.0,,0.6564491182309753,1.311910843929664,,,,,0.8958689260029014,,0.7604744962733786,,
aggregation,learned,1013,12,263,26.300000000000104,1,0.7934049528886407,0.0019011406844106464,24.400000000000077,,,,,,1.0,,0.7036647950609459,5.371232599089912,,,,,0.8643281696834851,,0.6236762691265929,,
aggregation,learned,1014,12,71,7.099999999999991,1,0.7917305801539973,0.004694835680751174,5.1999999999999975,,,,,,1.0,,0.7227353380038696,1.4910958240358638,,,,,0.3181651278075358,,0.629268126156873,,
aggregation,learned,1015,12,143,14.299999999999965,1,0.77082420587493,0.0,12.399999999999972,,,,,,1.0,,0.7119760008699169,3.063011574346499,,,,,0.8380342947168293,,0.7317134174855102,,
aggregation,learned,1016,12,188,18.799999999999997,1,0.7543981812450025,0.0,16.89999999999997,,,,,,1.0,,0.6984726355253795,3.876937753581006,,,,,0.8886636685507366,,0.8186595326156494,,
aggregation,learned,1017,12,291,29.100000000000144,1,0.7673478560571596,0.0,27.200000000000117,,,,,,1.0,,0.7138886147640454,6.085393756823822,,,,,0.9171264572356006,,0.7493953403711374,,
aggregation,learned,1018,12,119,11.899999999999974,1,0.7577829577686823,0.0,9.99999999999998,,,,,,1.0,,0.7024675940225684,2.4576040204467664,,,,,0.8996590292869456,,0.8000099633752127,,
aggregation,learned,1019,12,262,26.200000000000102,1,0.7728350285772284,0.0,24.300000000000075,,,,,,1.0,,0.717497441183363,5.64101330261886,,,,,0.9656599569136314,,0.7216492196624381,,
coverage,rules,1000,16,74,7.39999999999999,1,,0.0033783783783783786,,,0.6018518518518519,0.6011761761761761,5.999999999999995,,,,0.7061362505422988,1.6121945951734302,0.8895137099252529,,,0.625,,,,,
coverage,rules,1001,16,83,8.299999999999986,1,,0.018072289156626505,,,0.6111111111111112,0.6074966532797859,6.8999999999999915,,,,0.7093429991567188,1.8232876007769303,0.9439870415093603,,,0.6296296296296297,,,,,
coverage,rules,1002,16,212,21.20000000000003,1,,0.008254716981132075,,,0.6111111111111112,0.6094601677148848,19.80000000000001,,,,0.6730107555534792,4.190355198621388,0.9081974690945305,,,0.6481481481481481,,,,,
coverage,rules,1003,16,97,9.699999999999982,1,,0.007731958762886598,,,0.6111111111111112,0.6095647193585338,8.299999999999986,,,,0.6976094723843903,2.062454933401768,0.9160573873133876,,,0.6388888888888888,,,,,
coverage,rules,1004,16,124,12.399999999999972,1,,0.01310483870967742,,,0.625,0.6223790322580646,10.999999999999977,,,,0.6884533802328451,2.566773596156771,0.9257393316360683,,,0.6435185185185185,,,,,
coverage,rules,1005,16,97,9.699999999999982,1,,0.010309278350515464,,,0.6157407407407407,0.6136788850706376,8.299999999999986,,,,0.6936675331923076,2.0396311194204806,0.9310752399207516,,,0.6388888888888888,,,,,
coverage,rules,1006,16,162,16.19999999999996,1,,0.0023148148148148147,,,0.6296296296296297,0.6291666666666667,14.799999999999963,,,,0.673400317801098,3.2076886208768154,0.9817917497000248,,,0.6296296296296297,,,,,
coverage,rules,1007,16,100,9.99999999999998,1,,0.0125,,,0.625,0.6225,8.599999999999985,,,,0.71020056702621,2.202113649984011,0.9541504680193662,,,0.625,,,,,
coverage,rules,1008,16,189,18.9,1,,0.0026455026455026454,,,0.625,0.6244708994708995,17.49999999999998,,,,0.675880462923607,3.770740356297877,0.9303852545563579,,,0.6296296296296297,,,,,
coverage,rules,1009,16,105,10.499999999999979,1,,0.0035714285714285713,,,0.6342592592592593,0.6335449735449736,9.099999999999984,,,,0.6845292798463786,2.149928663363355,0.9775417171013805,,,0.6342592592592593,,,,,
coverage,rules,1010,16,90,8.999999999999984,1,,0.019444444444444445,,,0.6157407407407407,0.6118518518518518,7.599999999999989,,,,0.7010479496976328,1.9325899701835567,0.9750764602338875,,,0.6203703703703703,,,,,
coverage,rules,1011,16,193,19.300000000000004,1,,0.0,,,0.6064814814814815,0.6064814814814815,17.899999999999984,,,,0.6729327188135797,3.8160486733308336,0.8973661018181017,,,0.6342592592592593,,,,,
coverage,rules,1012,16,84,8.399999999999986,1,,0.023809523809523808,,,0.625,0.6202380952380953,6.999999999999991,,,,0.7047866385024746,1.8192966163407196,0.9643943420298888,,,0.6342592592592593,,,,,
coverage,rules,1013,16,177,17.69999999999998,1,,0.0049435028248587575,,,0.6157407407407407,0.6147520401757689,16.29999999999996,,,,0.6791182277812525,3.5661684081103044,0.9494655554538945,,,0.6481481481481481,,,,,
coverage,rules,1014,16,203,20.30000000000002,1,,0.01416256157635468,,,0.6203703703703703,0.6175378580550994,18.9,,,,0.6737553150364349,4.022696575133531,0.9125605819130276,,,0.6435185185185185,,,,,
coverage,rules,1015,16,122,12.199999999999973,1,,0.00819672131147541,,,0.6018518518518519,0.6002125075895568,10.799999999999978,,,,0.6903269545874897,2.540883044689105,0.9768369543661772,,,0.6435185185185185,,,,,
coverage,rules,1016,16,135,13.499999999999968,1,,0.009259259259259259,,,0.6157407407407407,0.6138888888888888,12.099999999999973,,,,0.6892812772880633,2.802266896165182,0.9281796632698212,,,0.6296296296296297,,,,,
coverage,rules,1017,16,160,15.99999999999996,1,,0.00078125,,,0.6203703703703703,0.6202141203703704,14.599999999999964,,,,0.6765811717442756,3.1990003806950926,0.9216402022434407,,,0.6435185185185185,,,,,
coverage,rules,1018,16,70,6.999999999999991,1,,0.019642857142857142,,,0.6064814814814815,0.6025529100529101,5.599999999999996,,,,0.708445163342518,1.5338311596730745,0.9812984370483984,,,0.6388888888888888,,,,,
coverage,rules,1019,16,184,18.39999999999999,1,,0.010869565217391304,,,0.6111111111111112,0.6089371980676329,16.99999999999997,,,,0.673107626381082,3.6357392675584794,0.9194002462474894,,,0.625,,,,,
coverage,random,1000,16,600,60.00000000000058,0,,0.1228125,,,0.4351851851851852,0.4106226851851852,60.00000000000058,,,,0.6696633736814156,11.467304638341668,0.4883738314072497,,,0.5416666666666666,,,,,
coverage,random,1001,16,600,60.00000000000058,0,,0.15885416666666666,,,0.4583333333333333,0.42656249999999996,60.00000000000058,,,,0.6707060310353942,11.550630746859612,0.5287379636820422,,,0.5370370370370371,,,,,
coverage,random,1002,16,600,60.00000000000058,0,,0.1228125,,,0.4351851851851852,0.4106226851851852,60.00000000000058,,,,0.6685972623662203,11.54190203985848,0.4770372950444801,,,0.49074074074074076,,,,,
coverage,random,1003,16,600,60.00000000000058,0,,0.1265625,,,0.4444444444444444,0.4191319444444444,60.00000000000058,,,,0.6567947165272937,11.281072449841528,0.49821262452087656,,,0.5092592592592593,,,,,
coverage,random,1004,16,600,60.00000000000058,0,,0.17447916666666666,,,0.39351851851851855,0.3586226851851852,60.00000000000058,,,,0.6708930060706386,11.481883032222994,0.5149775727782527,,,0.4675925925925926,,,,,
coverage,random,1005,16,600,60.00000000000058,0,,0.131875,,,0.5,0.473625,60.00000000000058,,,,0.6548655402337981,11.277987345989748,0.6151374966948979,,,0.5,,,,,
coverage,random,1006,16,600,60.00000000000058,0,,0.14333333333333334,,,0.4398148148148148,0.41114814814814815,60.00000000000058,,,,0.6650190866902866,11.476347351303115,0.5205115036577442,,,0.5277777777777778,,,,,
coverage,random,1007,16,600,60.00000000000058,0,,0.12125,,,0.37037037037037035,0.34612037037037036,60.00000000000058,,,,0.6705419367358758,11.468890378506442,0.43324868873404837,,,0.5185185185185185,,,,,
coverage,random,1008,16,600,60.00000000000058,0,,0.18114583333333334,,,0.5462962962962963,0.5100671296296296,60.00000000000058,,,,0.667226654120949,11.367959998028061,0.7657742516991526,,,0.5462962962962963,,,,,
coverage,random,1009,16,600,60.00000000000058,0,,0.14510416666666667,,,0.4351851851851852,0.40616435185185185,60.00000000000058,,,,0.6630664412542037,11.325218105037818,0.5288350983236454,,,0.49074074074074076,,,,,
coverage,random,1010,16,600,60.00000000000058,0,,0.2015625,,,0.4537037037037037,0.41339120370370375,60.00000000000058,,,,0.6669838329166669,11.237778225127572,0.5164738724632483,,,0.5092592592592593,,,,,
coverage,random,1011,16,600,60.00000000000058,0,,0.160625,,,0.3888888888888889,0.3567638888888889,60.00000000000058,,,,0.6684753373985971,11.345131615402728,0.5182972733487753,,,0.49074074074074076,,,,,
coverage,random,1012,16,600,60.00000000000058,0,,0.14052083333333334,,,0.4398148148148148,0.4117106481481482,60.00000000000058,,,,0.6651617666917649,11.402092903576335,0.5139567719956034,,,0.5324074074074074,,,,,
coverage,random,1013,16,600,60.00000000000058,0,,0.15979166666666667,,,0.3888888888888889,0.3569305555555556,60.00000000000058,,,,0.6664725216588029,11.346689393540696,0.5478033126235842,,,0.48148148148148145,,,,,
coverage,random,1014,16,600,60.00000000000058,0,,0.13302083333333334,,,0.4861111111111111,0.45950694444444445,60.00000000000058,,,,0.6549538699993392,11.247083572270432,0.592396682209643,,,0.5370370370370371,,,,,
coverage,random,1015,16,600,60.00000000000058,0,,0.16739583333333333,,,0.4027777777777778,0.3692986111111111,60.00000000000058,,,,0.6628908102194461,11.328825464093834,0.5076367799812556,,,0.47685185185185186,,,,,
coverage,random,1016,16,600,60.00000000000058,0,,0.1546875,,,0.4537037037037037,0.4227662037037037,60.00000000000058,,,,0.6682215233640761,11.386823155522356,0.6625424984081058,,,0.47685185185185186,,,,,
coverage,random,1017,16,600,60.00000000000058,0,,0.11979166666666667,,,0.42592592592592593,0.40196759259259257,60.00000000000058,,,,0.6660366874531386,11.42542897805424,0.5312477435258631,,,0.5324074074074074,,,,,
coverage,random,1018,16,600,60.00000000000058,0,,0.14708333333333334,,,0.4166666666666667,0.38725000000000004,60.00000000000058,,,,0.6742682014222621,11.527678506216164,0.5004601342650861,,,0.49074074074074076,,,,,
coverage,random,1019,16,600,60.00000000000058,0,,0.14833333333333334,,,0.49537037037037035,0.4657037037037037,60.00000000000058,,,,0.6538984139385369,11.114647280254635,0.5937286574792164,,,0.5416666666666666,,,,,
coverage,stationary,1000,16,600,60.00000000000058,0,,0.0,,,0.1712962962962963,0.1712962962962963,60.00000000000058,,,,0.0,0.0,0.2547531206745079,,,0.1712962962962963,,,,,
coverage,stationary,1001,16,600,60.00000000000058,0,,0.0,,,0.1527777777777778,0.1527777777777778,60.00000000000058,,,,0.0,0.0,0.2605223005424876,,,0.1527777777777778,,,,,
coverage,stationary,1002,16,600,60.00000000000058,0,,0.0,,,0.16666666666666666,0.16666666666666666,60.00000000000058,,,,0.0,0.0,0.3008265518458282,,,0.16666666666666666,,,,,
coverage,stationary,1003,16,600,60.00000000000058,0,,0.0,,,0.16203703703703703,0.16203703703703703,60.00000000000058,,,,0.0,0.0,0.25346207503047813,,,0.16203703703703703,,,,,
coverage,stationary,1004,16,600,60.00000000000058,0,,0.0,,,0.16203703703703703,0.16203703703703703,60.00000000000058,,,,0.0,0.0,0.2773027639952121,,,0.16203703703703703,,,,,
coverage,stationary,1005,16,600,60.00000000000058,0,,0.0,,,0.16666666666666666,0.16666666666666666,60.00000000000058,,,,0.0,0.0,0.2733759953044592,,,0.16666666666666666,,,,,
coverage,stationary,1006,16,600,60.00000000000058,0,,0.0,,,0.16203703703703703,0.16203703703703703,60.00000000000058,,,,0.0,0.0,0.27944931022039965,,,0.16203703703703703,,,,,
coverage,stationary,1007,16,600,60.00000000000058,0,,0.0,,,0.16203703703703703,0.16203703703703703,60.00000000000058,,,,0.0,0.0,0.26793735545457653,,,0.16203703703703703,,,,,
coverage,stationary,1008,16,600,60.00000000000058,0,,0.0,,,0.17592592592592593,0.17592592592592593,60.00000000000058,,,,0.0,0.0,0.28440529745683346,,,0.17592592592592593,,,,,
coverage,stationary,1009,16,600,60.00000000000058,0,,0.0,,,0.16203703703703703,0.16203703703703703,60.00000000000058,,,,0.0,0.0,0.25280865150721926,,,0.16203703703703703,,,,,
coverage,stationary,1010,16,600,60.00000000000058,0,,0.0,,,0.16666666666666666,0.16666666666666666,60.00000000000058,,,,0.0,0.0,0.269405922475505,,,0.16666666666666666,,,,,
coverage,stationary,1011,16,600,60.00000000000058,0,,0.0,,,0.16666666666666666,0.16666666666666666,60.00000000000058,,,,0.0,0.0,0.2814599245866536,,,0.16666666666666666,,,,,
coverage,stationary,1012,16,600,60.00000000000058,0,,0.0,,,0.1712962962962963,0.1712962962962963,60.00000000000058,,,,0.0,0.0,0.263294011586362,,,0.1712962962962963,,,,,
coverage,stationary,1013,16,600,60.00000000000058,0,,0.0,,,0.16666666666666666,0.16666666666666666,60.00000000000058,,,,0.0,0.0,0.25953004739281493,,,0.16666666666666666,,,,,
coverage,stationary,1014,16,600,60.00000000000058,0,,0.0,,,0.16203703703703703,0.16203703703703703,60.00000000000058,,,,0.0,0.0,0.26026403092848954,,,0.16203703703703703,,,,,
coverage,stationary,1015,16,600,60.00000000000058,0,,0.0,,,0.1527777777777778,0.1527777777777778,60.00000000000058,,,,0.0,0.0,0.2601817440714529,,,0.1527777777777778,,,,,
coverage,stationary,1016,16,600,60.00000000000058,0,,0.0,,,0.16203703703703703,0.16203703703703703,60.00000000000058,,,,0.0,0.0,0.2919845200279414,,,0.16203703703703703,,,,,
coverage,stationary,1017,16,600,60.00000000000058,0,,0.0,,,0.16666666666666666,0.16666666666666666,60.00000000000058,,,,0.0,0.0,0.2705848433243927,,,0.16666666666666666,,,,,
coverage,stationary,1018,16,600,60.00000000000058,0,,0.0,,,0.16666666666666666,0.16666666666666666,60.00000000000058,,,,0.0,0.0,0.266051591726262,,,0.16666666666666666,,,,,
coverage,stationary,1019,16,600,60.00000000000058,0,,0.0,,,0.16666666666666666,0.16666666666666666,60.00000000000058,,,,0.0,0.0,0.27435965045158794,,,0.16666666666666666,,,,,
transport,rules,1000,12,124,12.399999999999972,1,,0.14180107526881722,,0.8951612903225806,,,,12.399999999999972,,5.0,0.8472334512257719,3.696074749805037,,0.9717498504391453,0.34221426913632635,,,0.30981182795698925,,0.8859285769545578,0.8717484694276761
transport,rules,1001,12,137,13.699999999999967,1,,0.14902676399026765,,0.8686131386861314,,,,13.699999999999967,,5.0,0.8330043168484748,3.966045033073911,,0.9724500067495782,0.33672557030667694,,,0.2725060827250608,,0.8877581432311077,0.8728554668320809
transport,rules,1002,12,150,14.999999999999963,1,,0.11222222222222222,,0.8133333333333334,,,,14.999999999999963,,6.0,0.8201536216612052,4.211021001982879,,0.9844274112771715,0.3261311053763709,,,0.2577777777777778,,0.8912896315412097,0.8800674093189874
transport,rules,1003,12,131,13.09999999999997,1,,0.14821882951653945,,0.8778625954198473,,,,13.09999999999997,,5.0,0.8358526378104777,3.8090325410490657,,0.9744676987244848,0.3443747987410841,,,0.28053435114503816,,0.8852084004196387,0.8703865174679847
transport,rules,1004,12,139,13.899999999999967,1,,0.1696642685851319,,0.8992805755395683,,,,13.899999999999967,,5.0,0.8314676254583319,3.993394190681203,,0.9810159951823454,0.34412699079886977,,,0.2697841726618705,,0.8852910030670434,0.8683245762085302
transport,rules,1005,12,140,13.999999999999966,1,,0.10357142857142858,,0.8428571428571429,,,,13.999999999999966,,5.0,0.8214567899181981,3.9372982273504316,,0.9818163374067378,0.34711530365596044,,,0.2702380952380952,,0.8842948987813465,0.8739377559242036
transport,rules,1006,12,149,14.899999999999963,1,,0.2058165548098434,,0.8456375838926175,,,,14.899999999999963,,4.0,0.80911246565032,4.069362571913119,,0.9768366218238703,0.33352007070998724,,,0.2550335570469799,,0.8888266430966709,0.8682449876156866
transport,rules,1007,12,126,12.599999999999971,1,,0.09193121693121693,,0.8809523809523809,,,,12.599999999999971,,5.0,0.854384700183995,3.8076056527211786,,0.9818905771700404,0.33676609214709163,,,0.29894179894179895,,0.8877446359509694,0.8785515142578477
transport,rules,1008,12,147,14.699999999999964,1,,0.10657596371882086,,0.8231292517006803,,,,14.699999999999964,,5.0,0.8146599008986107,4.08191114773038,,0.9811909732921528,0.32828942327362753,,,0.27154195011337867,,0.8905701922421242,0.8799125958702421
transport,rules,1009,12,133,13.299999999999969,1,,0.11466165413533834,,0.8721804511278195,,,,13.299999999999969,,5.0,0.8312997706396232,3.824151157551654,,0.9801501880126238,0.3373291004560768,,,0.2825814536340852,,0.8875569665146411,0.8760908011011073
transport,rules,1010,12,141,14.099999999999966,1,,0.11761229314420804,,0.8652482269503546,,,,14.099999999999966,,5.0,0.8243083034926143,4.012136736050975,,0.9860047802759674,0.3410431388677577,,,0.258274231678487,,0.8863189537107474,0.8745577243963266
transport,rules,1011,12,155,15.499999999999961,1,,0.13279569892473117,,0.8129032258064516,,,,15.499999999999961,,5.0,0.80012347702127,4.152767681333326,,0.9800370345126005,0.3332609328364473,,,0.256989247311828,,0.8889130223878509,0.8756334524953777
transport,rules,1012,12,129,12.89999999999997,1,,0.10529715762273902,,0.9147286821705426,,,,12.89999999999997,,4.0,0.8389126339482776,3.780980213392406,,0.9775081826857802,0.34397270642112954,,,0.28552971576227393,,0.8853424311929569,0.874812715430683
transport,rules,1013,12,139,13.899999999999967,1,,0.11990407673860912,,0.8920863309352518,,,,13.899999999999967,,5.0,0.8201485361266774,3.897984040818542,,0.9789891998283708,0.34517566821851275,,,0.2667865707434053,,0.8849414439271625,0.8729510362533015
transport,rules,1014,12,126,12.599999999999971,1,,0.18121693121693122,,0.9206349206349206,,,,12.599999999999971,,6.0,0.8507118184258264,3.7508201896147395,,0.9816454891318892,0.3334655608777375,,,0.296957671957672,,0.8888448130407541,0.870723119919061
transport,rules,1015,12,127,12.69999999999997,1,,0.08989501312335958,,0.889763779527559,,,,12.69999999999997,,5.0,0.8431133259186978,3.7450616008890996,,0.9674022702668353,0.3384719482188472,,,0.29658792650918636,,0.8871760172603843,0.8781865159480483
transport,rules,1016,12,141,14.099999999999966,1,,0.16666666666666666,,0.851063829787234,,,,14.099999999999966,,5.0,0.827074505812865,4.016028191109593,,0.9792948809516473,0.3444057773877254,,,0.26891252955082745,,0.8851980742040916,0.8685314075374249
transport,rules,1017,12,147,14.699999999999964,1,,0.14625850340136054,,0.8571428571428571,,,,14.699999999999964,,6.0,0.8076614555614207,4.014599271952837,,0.948536466441098,0.3386948013545341,,,0.27607709750566894,,0.8871017328818219,0.8724758825416858
transport,rules,1018,12,136,13.599999999999968,1,,0.10355392156862746,,0.8823529411764706,,,,13.599999999999968,,5.0,0.8270140893878154,3.8728376416863797,,0.9841610263221576,0.3319447425913973,,,0.27512254901960786,,0.8893517524695342,0.8789963603126715
transport,rules,1019,12,137,13.699999999999967,1,,0.10097323600973236,,0.8686131386861314,,,,13.699999999999967,,5.0,0.8216107092396631,3.8756617626238623,,0.9800108868709329,0.33985380417497213,,,0.2761557177615572,,0.8867153986083426,0.8766180750073693
transport,random,1000,12,350,35.00000000000023,0,,0.11738095238095238,,0.0,,,,35.00000000000023,,4.0,0.6694705219961434,7.317567974209968,,0.5518937357674855,3.0,,,0.04880952380952381,,0.0,-0.011738095238095238
transport,random,1001,12,350,35.00000000000023,0,,0.1261904761904762,,0.0,,,,35.00000000000023,,2.0,0.6709135101462579,7.370934842852975,,0.44006727224206366,3.0,,,0.03642857142857143,,0.0,-0.01261904761904762
transport,random,1002,12,350,35.00000000000023,0,,0.09095238095238095,,0.0,,,,35.00000000000023,,3.0,0.6570683566124841,7.176457857878725,,0.43491296570051013,3.0,,,0.023095238095238096,,0.0,-0.009095238095238095
transport,random,1003,12,350,35.00000000000023,0,,0.18071428571428572,,0.0,,,,35.00000000000023,,2.0,0.6606074570494602,7.186444181799374,,0.5527086382757562,3.0,,,0.03190476190476191,,0.0,-0.01807142857142857
transport,random,1004,12,350,35.00000000000023,0,,0.09071428571428572,,0.0,,,,35.00000000000023,,3.0,0.6588524323192114,7.260982341838566,,0.5462222310652715,3.0,,,0.039523809523809524,,0.0,-0.009071428571428572
transport,random,1005,12,350,35.00000000000023,0,,0.07333333333333333,,0.002857142857142857,,,,35.00000000000023,,3.0,0.6689783639834781,7.474625626041267,,0.5805089942440437,2.988805897835743,,,0.05857142857142857,,0.003731367388085771,-0.003601965945247563
transport,random,1006,12,350,35.00000000000023,0,,0.11619047619047619,,0.0,,,,35.00000000000023,,2.0,0.6588660341819007,7.242617626214087,,0.6147655731671897,3.0,,,0.02619047619047619,,0.0,-0.011619047619047619
transport,random,1007,12,350,35.00000000000023,0,,0.13642857142857143,,0.0,,,,35.00000000000023,,2.0,0.6695383764443766,7.215637065367389,,0.5073921719250755,3.0,,,0.02738095238095238,,0.0,-0.013642857142857144
transport,random,1008,12,350,35.00000000000023,0,,0.16166666666666665,,0.0,,,,35.00000000000023,,2.0,0.663563827545336,7.192155059170497,,0.4674229985586129,3.0,,,0.10761904761904761,,0.0,-0.016166666666666666
transport,random,1009,12,350,35.00000000000023,0,,0.10571428571428572,,0.0,,,,35.00000000000023,,2.0,0.6738197706037576,7.3560269798968045,,0.5024289094911248,3.0,,,0.026904761904761904,,0.0,-0.010571428571428572
transport,random,1010,12,350,35.00000000000023,0,,0.16476190476190475,,0.0,,,,35.00000000000023,,2.0,0.6640970688322608,7.135791822476008,,0.38889532561632006,3.0,,,0.012142857142857143,,0.0,-0.016476190476190474
transport,random,1011,12,350,35.00000000000023,0,,0.14595238095238094,,0.0,,,,35.00000000000023,,2.0,0.6816811373802221,7.424377064948541,,0.4628616327195092,3.0,,,0.012142857142857143,,0.0,-0.014595238095238095
transport,random,1012,12,350,35.00000000000023,0,,0.09928571428571428,,0.002857142857142857,,,,35.00000000000023,,4.0,0.6605842735754661,7.176880751758708,,0.39166059898178873,2.9889389942910958,,,0.04928571428571429,,0.0036870019029681123,-0.006241569525603317
transport,random,1013,12,350,35.00000000000023,0,,0.13142857142857142,,0.0,,,,35.00000000000023,,2.0,0.6527825264211139,7.022183578190159,,0.5704702487512763,3.0,,,0.02642857142857143,,0.0,-0.013142857142857144
transport,random,1014,12,350,35.00000000000023,0,,0.09547619047619048,,0.0,,,,35.00000000000023,,3.0,0.6602593439186473,7.283713596415493,,0.36827365962180847,3.0,,,0.06452380952380952,,0.0,-0.009547619047619048
transport,random,1015,12,350,35.00000000000023,0,,0.1061904761904762,,0.0,,,,35.00000000000023,,2.0,0.6604635729616405,7.2764206322510505,,0.2511083799435048,3.0,,,0.04261904761904762,,0.0,-0.01061904761904762
transport,random,1016,12,350,35.00000000000023,0,,0.15976190476190477,,0.0,,,,35.00000000000023,,4.0,0.6524448655064353,7.02327724808235,,0.4867886142972894,3.0,,,0.05261904761904762,,0.0,-0.015976190476190477
transport,random,1017,12,350,35.00000000000023,0,,0.13785714285714284,,0.0,,,,35.00000000000023,,2.0,0.6875334488619966,7.52193605126017,,0.6360019062237007,3.0,,,0.03595238095238095,,0.0,-0.013785714285714285
transport,random,1018,12,350,35.00000000000023,0,,0.16595238095238096,,0.0,,,,35.00000000000023,,2.0,0.6682388766655469,7.151325229064377,,0.5292257415249667,3.0,,,0.03785714285714286,,0.0,-0.016595238095238097
transport,random,1019,12,350,35.00000000000023,0,,0.17142857142857143,,0.0,,,,35.00000000000023,,4.0,0.6564339621676876,7.029826438457033,,0.32057599592998154,3.0,,,0.047857142857142855,,0.0,-0.017142857142857144
transport,stationary,1000,12,350,35.00000000000023,0,,0.0,,0.0,,,,35.00000000000023,,0.0,0.0,0.0,,0.0,3.0,,,0.0,,0.0,0.0
transport,stationary,1001,12,350,35.00000000000023,0,,0.0,,0.0,,,,35.00000000000023,,0.0,0.0,0.0,,0.0,3.0,,,0.0,,0.0,0.0
transport,stationary,1002,12,350,35.00000000000023,0,,0.0,,0.0,,,,35.00000000000023,,0.0,0.0,0.0,,0.0,3.0,,,0.0,,0.0,0.0
transport,stationary,1003,12,350,35.00000000000023,0,,0.0,,0.0,,,,35.00000000000023,,0.0,0.0,0.0,,0.0,3.0,,,0.0,,0.0,0.0
transport,stationary,1004,12,350,35.00000000000023,0,,0.0,,0.0,,,,35.00000000000023,,0.0,0.0,0.0,,0.0,3.0,,,0.0,,0.0,0.0
transport,stationary,1005,12,350,35.00000000000023,0,,0.0,,0.0,,,,35.00000000000023,,0.0,0.0,0.0,,0.0,3.0,,,0.0,,0.0,0.0
transport,stationary,1006,12,350,35.00000000000023,0,,0.0,,0.0,,,,35.00000000000023,,0.0,0.0,0.0,,0.0,3.0,,,0.0,,0.0,0.0
transport,stationary,1007,12,350,35.00000000000023,0,,0.0,,0.0,,,,35.00000000000023,,0.0,0.0,0.0,,0.0,3.0,,,0.0,,0.0,0.0
transport,stationary,1008,12,350,35.00000000000023,0,,0.0,,0.0,,,,35.00000000000023,,0.0,0.0,0.0,,0.0,3.0,,,0.0,,0.0,0.0
transport,stationary,1009,12,350,35.00000000000023,0,,0.0,,0.0,,,,35.00000000000023,,0.0,0.0,0.0,,0.0,3.0,,,0.0,,0.0,0.0
transport,stationary,1010,12,350,35.00000000000023,0,,0.0,,0.0,,,,35.00000000000023,,0.0,0.0,0.0,,0.0,3.0,,,0.0,,0.0,0.0
transport,stationary,1011,12,350,35.00000000000023,0,,0.0,,0.0,,,,35.00000000000023,,0.0,0.0,0.0,,0.0,3.0,,,0.0,,0.0,0.0
transport,stationary,1012,12,350,35.00000000000023,0,,0.0,,0.0,,,,35.00000000000023,,0.0,0.0,0.0,,0.0,3.0,,,0.0,,0.0,0.0
transport,stationary,1013,12,350,35.00000000000023,0,,0.0,,0.0,,,,35.00000000000023,,0.0,0.0,0.0,,0.0,3.0,,,0.0,,0.0,0.0
transport,stationary,1014,12,350,35.00000000000023,0,,0.0,,0.0,,,,35.00000000000023,,0.0,0.0,0.0,,0.0,3.0,,,0.0,,0.0,0.0
transport,stationary,1015,12,350,35.00000000000023,0,,0.0,,0.0,,,,35.00000000000023,,0.0,0.0,0.0,,0.0,3.0,,,0.0,,0.0,0.0
transport,stationary,1016,12,350,35.00000000000023,0,,0.0,,0.0,,,,35.00000000000023,,0.0,0.0,0.0,,0.0,3.0,,,0.0,,0.0,0.0
transport,stationary,1017,12,350,35.00000000000023,0,,0.0,,0.0,,,,35.00000000000023,,0.0,0.0,0.0,,0.0,3.0,,,0.0,,0.0,0.0
transport,stationary,1018,12,350,35.00000000000023,0,,0.0,,0.0,,,,35.00000000000023,,0.0,0.0,0.0,,0.0,3.0,,,0.0,,0.0,0.0
transport,stationary,1019,12,350,35.00000000000023,0,,0.0,,0.0,,,,35.00000000000023,,0.0,0.0,0.0,,0.0,3.0,,,0.0,,0.0,0.0
